{
  "hash": "da5a3cc7",
  "configHash": "086b9af8",
  "lockfileHash": "e0896ee1",
  "browserHash": "eee7141f",
  "optimized": {
    "@angular/cdk/bidi": {
      "src": "../../../../../../node_modules/@angular/cdk/fesm2022/bidi.mjs",
      "file": "@angular_cdk_bidi.js",
      "fileHash": "26460f0f",
      "needsInterop": false
    },
    "@angular/cdk/scrolling": {
      "src": "../../../../../../node_modules/@angular/cdk/fesm2022/scrolling.mjs",
      "file": "@angular_cdk_scrolling.js",
      "fileHash": "590cd6e1",
      "needsInterop": false
    },
    "@angular/cdk/text-field": {
      "src": "../../../../../../node_modules/@angular/cdk/fesm2022/text-field.mjs",
      "file": "@angular_cdk_text-field.js",
      "fileHash": "a1ab607d",
      "needsInterop": false
    },
    "@angular/common": {
      "src": "../../../../../../node_modules/@angular/common/fesm2022/common.mjs",
      "file": "@angular_common.js",
      "fileHash": "3a366e63",
      "needsInterop": false
    },
    "@angular/common/http": {
      "src": "../../../../../../node_modules/@angular/common/fesm2022/http.mjs",
      "file": "@angular_common_http.js",
      "fileHash": "a4ca169a",
      "needsInterop": false
    },
    "@angular/core": {
      "src": "../../../../../../node_modules/@angular/core/fesm2022/core.mjs",
      "file": "@angular_core.js",
      "fileHash": "ff78a6b4",
      "needsInterop": false
    },
    "@angular/forms": {
      "src": "../../../../../../node_modules/@angular/forms/fesm2022/forms.mjs",
      "file": "@angular_forms.js",
      "fileHash": "1839a747",
      "needsInterop": false
    },
    "@angular/material/button": {
      "src": "../../../../../../node_modules/@angular/material/fesm2022/button.mjs",
      "file": "@angular_material_button.js",
      "fileHash": "b85fd25d",
      "needsInterop": false
    },
    "@angular/material/card": {
      "src": "../../../../../../node_modules/@angular/material/fesm2022/card.mjs",
      "file": "@angular_material_card.js",
      "fileHash": "89e6bd1d",
      "needsInterop": false
    },
    "@angular/material/dialog": {
      "src": "../../../../../../node_modules/@angular/material/fesm2022/dialog.mjs",
      "file": "@angular_material_dialog.js",
      "fileHash": "1d3ed6df",
      "needsInterop": false
    },
    "@angular/material/form-field": {
      "src": "../../../../../../node_modules/@angular/material/fesm2022/form-field.mjs",
      "file": "@angular_material_form-field.js",
      "fileHash": "faf5e164",
      "needsInterop": false
    },
    "@angular/material/icon": {
      "src": "../../../../../../node_modules/@angular/material/fesm2022/icon.mjs",
      "file": "@angular_material_icon.js",
      "fileHash": "d568e0ed",
      "needsInterop": false
    },
    "@angular/material/input": {
      "src": "../../../../../../node_modules/@angular/material/fesm2022/input.mjs",
      "file": "@angular_material_input.js",
      "fileHash": "a08273b7",
      "needsInterop": false
    },
    "@angular/material/progress-spinner": {
      "src": "../../../../../../node_modules/@angular/material/fesm2022/progress-spinner.mjs",
      "file": "@angular_material_progress-spinner.js",
      "fileHash": "02e13a65",
      "needsInterop": false
    },
    "@angular/material/select": {
      "src": "../../../../../../node_modules/@angular/material/fesm2022/select.mjs",
      "file": "@angular_material_select.js",
      "fileHash": "9c9e70df",
      "needsInterop": false
    },
    "@angular/material/table": {
      "src": "../../../../../../node_modules/@angular/material/fesm2022/table.mjs",
      "file": "@angular_material_table.js",
      "fileHash": "450857c4",
      "needsInterop": false
    },
    "@angular/platform-browser": {
      "src": "../../../../../../node_modules/@angular/platform-browser/fesm2022/platform-browser.mjs",
      "file": "@angular_platform-browser.js",
      "fileHash": "25b7a1e6",
      "needsInterop": false
    },
    "@angular/router": {
      "src": "../../../../../../node_modules/@angular/router/fesm2022/router.mjs",
      "file": "@angular_router.js",
      "fileHash": "c472afc8",
      "needsInterop": false
    },
    "@jsverse/transloco": {
      "src": "../../../../../../node_modules/@jsverse/transloco/fesm2022/jsverse-transloco.mjs",
      "file": "@jsverse_transloco.js",
      "fileHash": "bec41918",
      "needsInterop": false
    }
  },
  "chunks": {
    "chunk-CIHHEWN2": {
      "file": "chunk-CIHHEWN2.js"
    },
    "chunk-Q6XQ6JEN": {
      "file": "chunk-Q6XQ6JEN.js"
    },
    "chunk-EER3YWLJ": {
      "file": "chunk-EER3YWLJ.js"
    },
    "chunk-353F5R36": {
      "file": "chunk-353F5R36.js"
    },
    "chunk-62J67JIY": {
      "file": "chunk-62J67JIY.js"
    },
    "chunk-CCTKMH27": {
      "file": "chunk-CCTKMH27.js"
    },
    "chunk-2X7ZRQ4F": {
      "file": "chunk-2X7ZRQ4F.js"
    },
    "chunk-Q7GFVMV7": {
      "file": "chunk-Q7GFVMV7.js"
    },
    "chunk-EEIIMYOS": {
      "file": "chunk-EEIIMYOS.js"
    },
    "chunk-VMYL4X6G": {
      "file": "chunk-VMYL4X6G.js"
    },
    "chunk-MB6KQ5HD": {
      "file": "chunk-MB6KQ5HD.js"
    },
    "chunk-42QFQP6S": {
      "file": "chunk-42QFQP6S.js"
    },
    "chunk-ORCYXXV3": {
      "file": "chunk-ORCYXXV3.js"
    },
    "chunk-N4DOILP3": {
      "file": "chunk-N4DOILP3.js"
    },
    "chunk-FLULVQUW": {
      "file": "chunk-FLULVQUW.js"
    },
    "chunk-GUGIMSVJ": {
      "file": "chunk-GUGIMSVJ.js"
    },
    "chunk-6DHFW4ZI": {
      "file": "chunk-6DHFW4ZI.js"
    },
    "chunk-AZXT5W55": {
      "file": "chunk-AZXT5W55.js"
    },
    "chunk-CQFBH5CL": {
      "file": "chunk-CQFBH5CL.js"
    },
    "chunk-4X2BNWNF": {
      "file": "chunk-4X2BNWNF.js"
    },
    "chunk-TIL4EXM2": {
      "file": "chunk-TIL4EXM2.js"
    },
    "chunk-WOQ47UI3": {
      "file": "chunk-WOQ47UI3.js"
    },
    "chunk-URSBJ2DJ": {
      "file": "chunk-URSBJ2DJ.js"
    }
  }
}